"match_id","match_round","league_id","league_name","league_round_name","parent_league_id","parent_league_season","match_time_utc","home_team_id","home_team","home_team_color","away_team_id","away_team","away_team_color"
3609929,"1",47,"Premier League","Premier League Round 1",47,"2021/2022","Fri, Aug 13, 2021, 19:00 UTC",9937,"Brentford","#C00808",9825,"Arsenal","#bd0510"
3609934,"1",47,"Premier League","Premier League Round 1",47,"2021/2022","Sat, Aug 14, 2021, 11:30 UTC",10260,"Manchester United","#9f1300",8463,"Leeds United","#0060A0"
3609930,"1",47,"Premier League","Premier League Round 1",47,"2021/2022","Sat, Aug 14, 2021, 14:00 UTC",8191,"Burnley","#811F4C",10204,"Brighton & Hove Albion","#0850A0"
3609931,"1",47,"Premier League","Premier League Round 1",47,"2021/2022","Sat, Aug 14, 2021, 14:00 UTC",8455,"Chelsea","#064b95",9826,"Crystal Palace","#004A97"
3609932,"1",47,"Premier League","Premier League Round 1",47,"2021/2022","Sat, Aug 14, 2021, 14:00 UTC",8668,"Everton","#00369c",8466,"Southampton","#d71920"
3609933,"1",47,"Premier League","Premier League Round 1",47,"2021/2022","Sat, Aug 14, 2021, 14:00 UTC",8197,"Leicester City","#0d47a1",8602,"Wolverhampton Wanderers","#000000"
3609938,"1",47,"Premier League","Premier League Round 1",47,"2021/2022","Sat, Aug 14, 2021, 14:00 UTC",9817,"Watford","#000000",10252,"Aston Villa","#400028"
3609936,"1",47,"Premier League","Premier League Round 1",47,"2021/2022","Sat, Aug 14, 2021, 16:30 UTC",9850,"Norwich City","#009850",8650,"Liverpool","#d3171e"
3609935,"1",47,"Premier League","Premier League Round 1",47,"2021/2022","Sun, Aug 15, 2021, 13:00 UTC",10261,"Newcastle United","#000000",8654,"West Ham United","#66192C"
3609937,"1",47,"Premier League","Premier League Round 1",47,"2021/2022","Sun, Aug 15, 2021, 15:30 UTC",8586,"Tottenham Hotspur","#1a237e",8456,"Manchester City","#69A8D8"
3609944,"2",47,"Premier League","Premier League Round 2",47,"2021/2022","Sat, Aug 21, 2021, 11:30 UTC",8650,"Liverpool","#d3171e",8191,"Burnley","#811F4C"
3609940,"2",47,"Premier League","Premier League Round 2",47,"2021/2022","Sat, Aug 21, 2021, 14:00 UTC",10252,"Aston Villa","#400028",10261,"Newcastle United","#000000"
3609942,"2",47,"Premier League","Premier League Round 2",47,"2021/2022","Sat, Aug 21, 2021, 14:00 UTC",9826,"Crystal Palace","#004A97",9937,"Brentford","#C00808"
3609943,"2",47,"Premier League","Premier League Round 2",47,"2021/2022","Sat, Aug 21, 2021, 14:00 UTC",8463,"Leeds United","#0060A0",8668,"Everton","#00369c"
3609945,"2",47,"Premier League","Premier League Round 2",47,"2021/2022","Sat, Aug 21, 2021, 14:00 UTC",8456,"Manchester City","#69A8D8",9850,"Norwich City","#009850"
3609941,"2",47,"Premier League","Premier League Round 2",47,"2021/2022","Sat, Aug 21, 2021, 16:30 UTC",10204,"Brighton & Hove Albion","#0850A0",9817,"Watford","#000000"
3609946,"2",47,"Premier League","Premier League Round 2",47,"2021/2022","Sun, Aug 22, 2021, 13:00 UTC",8466,"Southampton","#d71920",10260,"Manchester United","#9f1300"
3609948,"2",47,"Premier League","Premier League Round 2",47,"2021/2022","Sun, Aug 22, 2021, 13:00 UTC",8602,"Wolverhampton Wanderers","#000000",8586,"Tottenham Hotspur","#1a237e"
3609939,"2",47,"Premier League","Premier League Round 2",47,"2021/2022","Sun, Aug 22, 2021, 15:30 UTC",9825,"Arsenal","#bd0510",8455,"Chelsea","#064b95"
3609947,"2",47,"Premier League","Premier League Round 2",47,"2021/2022","Mon, Aug 23, 2021, 19:00 UTC",8654,"West Ham United","#66192C",8197,"Leicester City","#0d47a1"
3609953,"3",47,"Premier League","Premier League Round 3",47,"2021/2022","Sat, Aug 28, 2021, 11:30 UTC",8456,"Manchester City","#69A8D8",9825,"Arsenal","#bd0510"
3609949,"3",47,"Premier League","Premier League Round 3",47,"2021/2022","Sat, Aug 28, 2021, 14:00 UTC",10252,"Aston Villa","#400028",9937,"Brentford","#C00808"
3609950,"3",47,"Premier League","Premier League Round 3",47,"2021/2022","Sat, Aug 28, 2021, 14:00 UTC",10204,"Brighton & Hove Albion","#0850A0",8668,"Everton","#00369c"
3609954,"3",47,"Premier League","Premier League Round 3",47,"2021/2022","Sat, Aug 28, 2021, 14:00 UTC",10261,"Newcastle United","#000000",8466,"Southampton","#d71920"
3609955,"3",47,"Premier League","Premier League Round 3",47,"2021/2022","Sat, Aug 28, 2021, 14:00 UTC",9850,"Norwich City","#009850",8197,"Leicester City","#0d47a1"
3609957,"3",47,"Premier League","Premier League Round 3",47,"2021/2022","Sat, Aug 28, 2021, 14:00 UTC",8654,"West Ham United","#66192C",9826,"Crystal Palace","#004A97"
3609952,"3",47,"Premier League","Premier League Round 3",47,"2021/2022","Sat, Aug 28, 2021, 16:30 UTC",8650,"Liverpool","#d3171e",8455,"Chelsea","#064b95"
3609951,"3",47,"Premier League","Premier League Round 3",47,"2021/2022","Sun, Aug 29, 2021, 13:00 UTC",8191,"Burnley","#811F4C",8463,"Leeds United","#0060A0"
3609956,"3",47,"Premier League","Premier League Round 3",47,"2021/2022","Sun, Aug 29, 2021, 13:00 UTC",8586,"Tottenham Hotspur","#1a237e",9817,"Watford","#000000"
3609958,"3",47,"Premier League","Premier League Round 3",47,"2021/2022","Sun, Aug 29, 2021, 15:30 UTC",8602,"Wolverhampton Wanderers","#000000",10260,"Manchester United","#9f1300"
3609962,"4",47,"Premier League","Premier League Round 4",47,"2021/2022","Sat, Sep 11, 2021, 11:30 UTC",9826,"Crystal Palace","#004A97",8586,"Tottenham Hotspur","#1a237e"
3609959,"4",47,"Premier League","Premier League Round 4",47,"2021/2022","Sat, Sep 11, 2021, 14:00 UTC",9825,"Arsenal","#bd0510",9850,"Norwich City","#009850"
3609960,"4",47,"Premier League","Premier League Round 4",47,"2021/2022","Sat, Sep 11, 2021, 14:00 UTC",9937,"Brentford","#C00808",10204,"Brighton & Hove Albion","#0850A0"
3609965,"4",47,"Premier League","Premier League Round 4",47,"2021/2022","Sat, Sep 11, 2021, 14:00 UTC",8197,"Leicester City","#0d47a1",8456,"Manchester City","#69A8D8"
3609966,"4",47,"Premier League","Premier League Round 4",47,"2021/2022","Sat, Sep 11, 2021, 14:00 UTC",10260,"Manchester United","#9f1300",10261,"Newcastle United","#000000"
3609967,"4",47,"Premier League","Premier League Round 4",47,"2021/2022","Sat, Sep 11, 2021, 14:00 UTC",8466,"Southampton","#d71920",8654,"West Ham United","#66192C"
3609968,"4",47,"Premier League","Premier League Round 4",47,"2021/2022","Sat, Sep 11, 2021, 14:00 UTC",9817,"Watford","#000000",8602,"Wolverhampton Wanderers","#000000"
3609961,"4",47,"Premier League","Premier League Round 4",47,"2021/2022","Sat, Sep 11, 2021, 16:30 UTC",8455,"Chelsea","#064b95",10252,"Aston Villa","#400028"
3609964,"4",47,"Premier League","Premier League Round 4",47,"2021/2022","Sun, Sep 12, 2021, 15:30 UTC",8463,"Leeds United","#0060A0",8650,"Liverpool","#d3171e"
3609963,"4",47,"Premier League","Premier League Round 4",47,"2021/2022","Mon, Sep 13, 2021, 19:00 UTC",8668,"Everton","#00369c",8191,"Burnley","#811F4C"
3609974,"5",47,"Premier League","Premier League Round 5",47,"2021/2022","Fri, Sep 17, 2021, 19:00 UTC",10261,"Newcastle United","#000000",8463,"Leeds United","#0060A0"
3609978,"5",47,"Premier League","Premier League Round 5",47,"2021/2022","Sat, Sep 18, 2021, 11:30 UTC",8602,"Wolverhampton Wanderers","#000000",9937,"Brentford","#C00808"
3609971,"5",47,"Premier League","Premier League Round 5",47,"2021/2022","Sat, Sep 18, 2021, 14:00 UTC",8191,"Burnley","#811F4C",9825,"Arsenal","#bd0510"
3609972,"5",47,"Premier League","Premier League Round 5",47,"2021/2022","Sat, Sep 18, 2021, 14:00 UTC",8650,"Liverpool","#d3171e",9826,"Crystal Palace","#004A97"
3609973,"5",47,"Premier League","Premier League Round 5",47,"2021/2022","Sat, Sep 18, 2021, 14:00 UTC",8456,"Manchester City","#69A8D8",8466,"Southampton","#d71920"
3609975,"5",47,"Premier League","Premier League Round 5",47,"2021/2022","Sat, Sep 18, 2021, 14:00 UTC",9850,"Norwich City","#009850",9817,"Watford","#000000"
3609969,"5",47,"Premier League","Premier League Round 5",47,"2021/2022","Sat, Sep 18, 2021, 16:30 UTC",10252,"Aston Villa","#400028",8668,"Everton","#00369c"
3609970,"5",47,"Premier League","Premier League Round 5",47,"2021/2022","Sun, Sep 19, 2021, 13:00 UTC",10204,"Brighton & Hove Albion","#0850A0",8197,"Leicester City","#0d47a1"
3609977,"5",47,"Premier League","Premier League Round 5",47,"2021/2022","Sun, Sep 19, 2021, 13:00 UTC",8654,"West Ham United","#66192C",10260,"Manchester United","#9f1300"
3609976,"5",47,"Premier League","Premier League Round 5",47,"2021/2022","Sun, Sep 19, 2021, 15:30 UTC",8586,"Tottenham Hotspur","#1a237e",8455,"Chelsea","#064b95"
3609981,"6",47,"Premier League","Premier League Round 6",47,"2021/2022","Sat, Sep 25, 2021, 11:30 UTC",8455,"Chelsea","#064b95",8456,"Manchester City","#69A8D8"
3609986,"6",47,"Premier League","Premier League Round 6",47,"2021/2022","Sat, Sep 25, 2021, 11:30 UTC",10260,"Manchester United","#9f1300",10252,"Aston Villa","#400028"
3609983,"6",47,"Premier League","Premier League Round 6",47,"2021/2022","Sat, Sep 25, 2021, 14:00 UTC",8668,"Everton","#00369c",9850,"Norwich City","#009850"
3609984,"6",47,"Premier League","Premier League Round 6",47,"2021/2022","Sat, Sep 25, 2021, 14:00 UTC",8463,"Leeds United","#0060A0",8654,"West Ham United","#66192C"
3609985,"6",47,"Premier League","Premier League Round 6",47,"2021/2022","Sat, Sep 25, 2021, 14:00 UTC",8197,"Leicester City","#0d47a1",8191,"Burnley","#811F4C"
3609988,"6",47,"Premier League","Premier League Round 6",47,"2021/2022","Sat, Sep 25, 2021, 14:00 UTC",9817,"Watford","#000000",10261,"Newcastle United","#000000"
3609980,"6",47,"Premier League","Premier League Round 6",47,"2021/2022","Sat, Sep 25, 2021, 16:30 UTC",9937,"Brentford","#C00808",8650,"Liverpool","#d3171e"
3609987,"6",47,"Premier League","Premier League Round 6",47,"2021/2022","Sun, Sep 26, 2021, 13:00 UTC",8466,"Southampton","#d71920",8602,"Wolverhampton Wanderers","#000000"
3609979,"6",47,"Premier League","Premier League Round 6",47,"2021/2022","Sun, Sep 26, 2021, 15:30 UTC",9825,"Arsenal","#bd0510",8586,"Tottenham Hotspur","#1a237e"
3609982,"6",47,"Premier League","Premier League Round 6",47,"2021/2022","Mon, Sep 27, 2021, 19:00 UTC",9826,"Crystal Palace","#004A97",10204,"Brighton & Hove Albion","#0850A0"
3609995,"7",47,"Premier League","Premier League Round 7",47,"2021/2022","Sat, Oct 2, 2021, 11:30 UTC",10260,"Manchester United","#9f1300",8668,"Everton","#00369c"
3609990,"7",47,"Premier League","Premier League Round 7",47,"2021/2022","Sat, Oct 2, 2021, 14:00 UTC",8191,"Burnley","#811F4C",9850,"Norwich City","#009850"
3609991,"7",47,"Premier League","Premier League Round 7",47,"2021/2022","Sat, Oct 2, 2021, 14:00 UTC",8455,"Chelsea","#064b95",8466,"Southampton","#d71920"
3609993,"7",47,"Premier League","Premier League Round 7",47,"2021/2022","Sat, Oct 2, 2021, 14:00 UTC",8463,"Leeds United","#0060A0",9817,"Watford","#000000"
3609998,"7",47,"Premier League","Premier League Round 7",47,"2021/2022","Sat, Oct 2, 2021, 14:00 UTC",8602,"Wolverhampton Wanderers","#000000",10261,"Newcastle United","#000000"
3609989,"7",47,"Premier League","Premier League Round 7",47,"2021/2022","Sat, Oct 2, 2021, 16:30 UTC",10204,"Brighton & Hove Albion","#0850A0",9825,"Arsenal","#bd0510"
3609992,"7",47,"Premier League","Premier League Round 7",47,"2021/2022","Sun, Oct 3, 2021, 13:00 UTC",9826,"Crystal Palace","#004A97",8197,"Leicester City","#0d47a1"
3609996,"7",47,"Premier League","Premier League Round 7",47,"2021/2022","Sun, Oct 3, 2021, 13:00 UTC",8586,"Tottenham Hotspur","#1a237e",10252,"Aston Villa","#400028"
3609997,"7",47,"Premier League","Premier League Round 7",47,"2021/2022","Sun, Oct 3, 2021, 13:00 UTC",8654,"West Ham United","#66192C",9937,"Brentford","#C00808"
3609994,"7",47,"Premier League","Premier League Round 7",47,"2021/2022","Sun, Oct 3, 2021, 15:30 UTC",8650,"Liverpool","#d3171e",8456,"Manchester City","#69A8D8"
3610008,"8",47,"Premier League","Premier League Round 8",47,"2021/2022","Sat, Oct 16, 2021, 11:30 UTC",9817,"Watford","#000000",8650,"Liverpool","#d3171e"
3610000,"8",47,"Premier League","Premier League Round 8",47,"2021/2022","Sat, Oct 16, 2021, 14:00 UTC",10252,"Aston Villa","#400028",8602,"Wolverhampton Wanderers","#000000"
3610003,"8",47,"Premier League","Premier League Round 8",47,"2021/2022","Sat, Oct 16, 2021, 14:00 UTC",8197,"Leicester City","#0d47a1",10260,"Manchester United","#9f1300"
3610004,"8",47,"Premier League","Premier League Round 8",47,"2021/2022","Sat, Oct 16, 2021, 14:00 UTC",8456,"Manchester City","#69A8D8",8191,"Burnley","#811F4C"
3610006,"8",47,"Premier League","Premier League Round 8",47,"2021/2022","Sat, Oct 16, 2021, 14:00 UTC",9850,"Norwich City","#009850",10204,"Brighton & Hove Albion","#0850A0"
3610007,"8",47,"Premier League","Premier League Round 8",47,"2021/2022","Sat, Oct 16, 2021, 14:00 UTC",8466,"Southampton","#d71920",8463,"Leeds United","#0060A0"
3610001,"8",47,"Premier League","Premier League Round 8",47,"2021/2022","Sat, Oct 16, 2021, 16:30 UTC",9937,"Brentford","#C00808",8455,"Chelsea","#064b95"
3610002,"8",47,"Premier League","Premier League Round 8",47,"2021/2022","Sun, Oct 17, 2021, 13:00 UTC",8668,"Everton","#00369c",8654,"West Ham United","#66192C"
3610005,"8",47,"Premier League","Premier League Round 8",47,"2021/2022","Sun, Oct 17, 2021, 15:30 UTC",10261,"Newcastle United","#000000",8586,"Tottenham Hotspur","#1a237e"
3609999,"8",47,"Premier League","Premier League Round 8",47,"2021/2022","Mon, Oct 18, 2021, 19:00 UTC",9825,"Arsenal","#bd0510",9826,"Crystal Palace","#004A97"
3610009,"9",47,"Premier League","Premier League Round 9",47,"2021/2022","Fri, Oct 22, 2021, 19:00 UTC",9825,"Arsenal","#bd0510",10252,"Aston Villa","#400028"
3610012,"9",47,"Premier League","Premier League Round 9",47,"2021/2022","Sat, Oct 23, 2021, 11:30 UTC",8455,"Chelsea","#064b95",9850,"Norwich City","#009850"
3610013,"9",47,"Premier League","Premier League Round 9",47,"2021/2022","Sat, Oct 23, 2021, 14:00 UTC",9826,"Crystal Palace","#004A97",10261,"Newcastle United","#000000"
3610014,"9",47,"Premier League","Premier League Round 9",47,"2021/2022","Sat, Oct 23, 2021, 14:00 UTC",8668,"Everton","#00369c",9817,"Watford","#000000"
3610015,"9",47,"Premier League","Premier League Round 9",47,"2021/2022","Sat, Oct 23, 2021, 14:00 UTC",8463,"Leeds United","#0060A0",8602,"Wolverhampton Wanderers","#000000"
3610017,"9",47,"Premier League","Premier League Round 9",47,"2021/2022","Sat, Oct 23, 2021, 14:00 UTC",8466,"Southampton","#d71920",8191,"Burnley","#811F4C"
3610011,"9",47,"Premier League","Premier League Round 9",47,"2021/2022","Sat, Oct 23, 2021, 16:30 UTC",10204,"Brighton & Hove Albion","#0850A0",8456,"Manchester City","#69A8D8"
3610010,"9",47,"Premier League","Premier League Round 9",47,"2021/2022","Sun, Oct 24, 2021, 13:00 UTC",9937,"Brentford","#C00808",8197,"Leicester City","#0d47a1"
3610018,"9",47,"Premier League","Premier League Round 9",47,"2021/2022","Sun, Oct 24, 2021, 13:00 UTC",8654,"West Ham United","#66192C",8586,"Tottenham Hotspur","#1a237e"
3610016,"9",47,"Premier League","Premier League Round 9",47,"2021/2022","Sun, Oct 24, 2021, 15:30 UTC",10260,"Manchester United","#9f1300",8650,"Liverpool","#d3171e"
3610021,"10",47,"Premier League","Premier League Round 10",47,"2021/2022","Sat, Oct 30, 2021, 11:30 UTC",8197,"Leicester City","#0d47a1",9825,"Arsenal","#bd0510"
3610020,"10",47,"Premier League","Premier League Round 10",47,"2021/2022","Sat, Oct 30, 2021, 14:00 UTC",8191,"Burnley","#811F4C",9937,"Brentford","#C00808"
3610022,"10",47,"Premier League","Premier League Round 10",47,"2021/2022","Sat, Oct 30, 2021, 14:00 UTC",8650,"Liverpool","#d3171e",10204,"Brighton & Hove Albion","#0850A0"
3610023,"10",47,"Premier League","Premier League Round 10",47,"2021/2022","Sat, Oct 30, 2021, 14:00 UTC",8456,"Manchester City","#69A8D8",9826,"Crystal Palace","#004A97"
3610024,"10",47,"Premier League","Premier League Round 10",47,"2021/2022","Sat, Oct 30, 2021, 14:00 UTC",10261,"Newcastle United","#000000",8455,"Chelsea","#064b95"
3610027,"10",47,"Premier League","Premier League Round 10",47,"2021/2022","Sat, Oct 30, 2021, 14:00 UTC",9817,"Watford","#000000",8466,"Southampton","#d71920"
3610026,"10",47,"Premier League","Premier League Round 10",47,"2021/2022","Sat, Oct 30, 2021, 16:30 UTC",8586,"Tottenham Hotspur","#1a237e",10260,"Manchester United","#9f1300"
3610025,"10",47,"Premier League","Premier League Round 10",47,"2021/2022","Sun, Oct 31, 2021, 14:00 UTC",9850,"Norwich City","#009850",8463,"Leeds United","#0060A0"
3610019,"10",47,"Premier League","Premier League Round 10",47,"2021/2022","Sun, Oct 31, 2021, 16:30 UTC",10252,"Aston Villa","#400028",8654,"West Ham United","#66192C"
3610028,"10",47,"Premier League","Premier League Round 10",47,"2021/2022","Mon, Nov 1, 2021, 20:00 UTC",8602,"Wolverhampton Wanderers","#000000",8668,"Everton","#00369c"
3610037,"11",47,"Premier League","Premier League Round 11",47,"2021/2022","Fri, Nov 5, 2021, 20:00 UTC",8466,"Southampton","#d71920",10252,"Aston Villa","#400028"
3610036,"11",47,"Premier League","Premier League Round 11",47,"2021/2022","Sat, Nov 6, 2021, 12:30 UTC",10260,"Manchester United","#9f1300",8456,"Manchester City","#69A8D8"
3610030,"11",47,"Premier League","Premier League Round 11",47,"2021/2022","Sat, Nov 6, 2021, 15:00 UTC",9937,"Brentford","#C00808",9850,"Norwich City","#009850"
3610032,"11",47,"Premier League","Premier League Round 11",47,"2021/2022","Sat, Nov 6, 2021, 15:00 UTC",8455,"Chelsea","#064b95",8191,"Burnley","#811F4C"
3610033,"11",47,"Premier League","Premier League Round 11",47,"2021/2022","Sat, Nov 6, 2021, 15:00 UTC",9826,"Crystal Palace","#004A97",8602,"Wolverhampton Wanderers","#000000"
3610031,"11",47,"Premier League","Premier League Round 11",47,"2021/2022","Sat, Nov 6, 2021, 17:30 UTC",10204,"Brighton & Hove Albion","#0850A0",10261,"Newcastle United","#000000"
3610029,"11",47,"Premier League","Premier League Round 11",47,"2021/2022","Sun, Nov 7, 2021, 14:00 UTC",9825,"Arsenal","#bd0510",9817,"Watford","#000000"
3610034,"11",47,"Premier League","Premier League Round 11",47,"2021/2022","Sun, Nov 7, 2021, 14:00 UTC",8668,"Everton","#00369c",8586,"Tottenham Hotspur","#1a237e"
3610035,"11",47,"Premier League","Premier League Round 11",47,"2021/2022","Sun, Nov 7, 2021, 14:00 UTC",8463,"Leeds United","#0060A0",8197,"Leicester City","#0d47a1"
3610038,"11",47,"Premier League","Premier League Round 11",47,"2021/2022","Sun, Nov 7, 2021, 16:30 UTC",8654,"West Ham United","#66192C",8650,"Liverpool","#d3171e"
3610041,"12",47,"Premier League","Premier League Round 12",47,"2021/2022","Sat, Nov 20, 2021, 12:30 UTC",8197,"Leicester City","#0d47a1",8455,"Chelsea","#064b95"
3610039,"12",47,"Premier League","Premier League Round 12",47,"2021/2022","Sat, Nov 20, 2021, 15:00 UTC",10252,"Aston Villa","#400028",10204,"Brighton & Hove Albion","#0850A0"
3610040,"12",47,"Premier League","Premier League Round 12",47,"2021/2022","Sat, Nov 20, 2021, 15:00 UTC",8191,"Burnley","#811F4C",9826,"Crystal Palace","#004A97"
3610044,"12",47,"Premier League","Premier League Round 12",47,"2021/2022","Sat, Nov 20, 2021, 15:00 UTC",10261,"Newcastle United","#000000",9937,"Brentford","#C00808"
3610045,"12",47,"Premier League","Premier League Round 12",47,"2021/2022","Sat, Nov 20, 2021, 15:00 UTC",9850,"Norwich City","#009850",8466,"Southampton","#d71920"
3610047,"12",47,"Premier League","Premier League Round 12",47,"2021/2022","Sat, Nov 20, 2021, 15:00 UTC",9817,"Watford","#000000",10260,"Manchester United","#9f1300"
3610048,"12",47,"Premier League","Premier League Round 12",47,"2021/2022","Sat, Nov 20, 2021, 15:00 UTC",8602,"Wolverhampton Wanderers","#000000",8654,"West Ham United","#66192C"
3610042,"12",47,"Premier League","Premier League Round 12",47,"2021/2022","Sat, Nov 20, 2021, 17:30 UTC",8650,"Liverpool","#d3171e",9825,"Arsenal","#bd0510"
3610043,"12",47,"Premier League","Premier League Round 12",47,"2021/2022","Sun, Nov 21, 2021, 14:00 UTC",8456,"Manchester City","#69A8D8",8668,"Everton","#00369c"
3610046,"12",47,"Premier League","Premier League Round 12",47,"2021/2022","Sun, Nov 21, 2021, 16:30 UTC",8586,"Tottenham Hotspur","#1a237e",8463,"Leeds United","#0060A0"
3610049,"13",47,"Premier League","Premier League Round 13",47,"2021/2022","Sat, Nov 27, 2021, 12:30 UTC",9825,"Arsenal","#bd0510",10261,"Newcastle United","#000000"
3610054,"13",47,"Premier League","Premier League Round 13",47,"2021/2022","Sat, Nov 27, 2021, 15:00 UTC",9826,"Crystal Palace","#004A97",10252,"Aston Villa","#400028"
3610056,"13",47,"Premier League","Premier League Round 13",47,"2021/2022","Sat, Nov 27, 2021, 15:00 UTC",8650,"Liverpool","#d3171e",8466,"Southampton","#d71920"
3610058,"13",47,"Premier League","Premier League Round 13",47,"2021/2022","Sat, Nov 27, 2021, 15:00 UTC",9850,"Norwich City","#009850",8602,"Wolverhampton Wanderers","#000000"
3610051,"13",47,"Premier League","Premier League Round 13",47,"2021/2022","Sat, Nov 27, 2021, 17:30 UTC",10204,"Brighton & Hove Albion","#0850A0",8463,"Leeds United","#0060A0"
3610050,"13",47,"Premier League","Premier League Round 13",47,"2021/2022","Sun, Nov 28, 2021, 14:00 UTC",9937,"Brentford","#C00808",8668,"Everton","#00369c"
3610055,"13",47,"Premier League","Premier League Round 13",47,"2021/2022","Sun, Nov 28, 2021, 14:00 UTC",8197,"Leicester City","#0d47a1",9817,"Watford","#000000"
3610057,"13",47,"Premier League","Premier League Round 13",47,"2021/2022","Sun, Nov 28, 2021, 14:00 UTC",8456,"Manchester City","#69A8D8",8654,"West Ham United","#66192C"
3610053,"13",47,"Premier League","Premier League Round 13",47,"2021/2022","Sun, Nov 28, 2021, 16:30 UTC",8455,"Chelsea","#064b95",10260,"Manchester United","#9f1300"
3610066,"14",47,"Premier League","Premier League Round 14",47,"2021/2022","Tue, Nov 30, 2021, 19:30 UTC",10261,"Newcastle United","#000000",9850,"Norwich City","#009850"
3610061,"14",47,"Premier League","Premier League Round 14",47,"2021/2022","Tue, Nov 30, 2021, 20:15 UTC",8463,"Leeds United","#0060A0",9826,"Crystal Palace","#004A97"
3610067,"14",47,"Premier League","Premier League Round 14",47,"2021/2022","Wed, Dec 1, 2021, 19:30 UTC",8466,"Southampton","#d71920",8197,"Leicester City","#0d47a1"
3610062,"14",47,"Premier League","Premier League Round 14",47,"2021/2022","Wed, Dec 1, 2021, 19:30 UTC",9817,"Watford","#000000",8455,"Chelsea","#064b95"
3610063,"14",47,"Premier League","Premier League Round 14",47,"2021/2022","Wed, Dec 1, 2021, 19:30 UTC",8654,"West Ham United","#66192C",10204,"Brighton & Hove Albion","#0850A0"
3610064,"14",47,"Premier League","Premier League Round 14",47,"2021/2022","Wed, Dec 1, 2021, 19:30 UTC",8602,"Wolverhampton Wanderers","#000000",8191,"Burnley","#811F4C"
3610059,"14",47,"Premier League","Premier League Round 14",47,"2021/2022","Wed, Dec 1, 2021, 20:15 UTC",10252,"Aston Villa","#400028",8456,"Manchester City","#69A8D8"
3610060,"14",47,"Premier League","Premier League Round 14",47,"2021/2022","Wed, Dec 1, 2021, 20:15 UTC",8668,"Everton","#00369c",8650,"Liverpool","#d3171e"
3610068,"14",47,"Premier League","Premier League Round 14",47,"2021/2022","Thu, Dec 2, 2021, 19:30 UTC",8586,"Tottenham Hotspur","#1a237e",9937,"Brentford","#C00808"
3610065,"14",47,"Premier League","Premier League Round 14",47,"2021/2022","Thu, Dec 2, 2021, 20:15 UTC",10260,"Manchester United","#9f1300",9825,"Arsenal","#bd0510"
3610077,"15",47,"Premier League","Premier League Round 15",47,"2021/2022","Sat, Dec 4, 2021, 12:30 UTC",8654,"West Ham United","#66192C",8455,"Chelsea","#064b95"
3610073,"15",47,"Premier League","Premier League Round 15",47,"2021/2022","Sat, Dec 4, 2021, 15:00 UTC",10261,"Newcastle United","#000000",8191,"Burnley","#811F4C"
3610074,"15",47,"Premier League","Premier League Round 15",47,"2021/2022","Sat, Dec 4, 2021, 15:00 UTC",8466,"Southampton","#d71920",10204,"Brighton & Hove Albion","#0850A0"
3610078,"15",47,"Premier League","Premier League Round 15",47,"2021/2022","Sat, Dec 4, 2021, 15:00 UTC",8602,"Wolverhampton Wanderers","#000000",8650,"Liverpool","#d3171e"
3610076,"15",47,"Premier League","Premier League Round 15",47,"2021/2022","Sat, Dec 4, 2021, 17:30 UTC",9817,"Watford","#000000",8456,"Manchester City","#69A8D8"
3610071,"15",47,"Premier League","Premier League Round 15",47,"2021/2022","Sun, Dec 5, 2021, 14:00 UTC",8463,"Leeds United","#0060A0",9937,"Brentford","#C00808"
3610072,"15",47,"Premier League","Premier League Round 15",47,"2021/2022","Sun, Dec 5, 2021, 14:00 UTC",10260,"Manchester United","#9f1300",9826,"Crystal Palace","#004A97"
3610075,"15",47,"Premier League","Premier League Round 15",47,"2021/2022","Sun, Dec 5, 2021, 14:00 UTC",8586,"Tottenham Hotspur","#1a237e",9850,"Norwich City","#009850"
3610069,"15",47,"Premier League","Premier League Round 15",47,"2021/2022","Sun, Dec 5, 2021, 16:30 UTC",10252,"Aston Villa","#400028",8197,"Leicester City","#0d47a1"
3610070,"15",47,"Premier League","Premier League Round 15",47,"2021/2022","Mon, Dec 6, 2021, 20:00 UTC",8668,"Everton","#00369c",9825,"Arsenal","#bd0510"
3610081,"16",47,"Premier League","Premier League Round 16",47,"2021/2022","Fri, Dec 10, 2021, 20:00 UTC",9937,"Brentford","#C00808",9817,"Watford","#000000"
3610088,"16",47,"Premier League","Premier League Round 16",47,"2021/2022","Sat, Dec 11, 2021, 12:30 UTC",8456,"Manchester City","#69A8D8",8602,"Wolverhampton Wanderers","#000000"
3610080,"16",47,"Premier League","Premier League Round 16",47,"2021/2022","Sat, Dec 11, 2021, 15:00 UTC",9825,"Arsenal","#bd0510",8466,"Southampton","#d71920"
3610084,"16",47,"Premier League","Premier League Round 16",47,"2021/2022","Sat, Dec 11, 2021, 15:00 UTC",8455,"Chelsea","#064b95",8463,"Leeds United","#0060A0"
3610087,"16",47,"Premier League","Premier League Round 16",47,"2021/2022","Sat, Dec 11, 2021, 15:00 UTC",8650,"Liverpool","#d3171e",10252,"Aston Villa","#400028"
3610089,"16",47,"Premier League","Premier League Round 16",47,"2021/2022","Sat, Dec 11, 2021, 17:30 UTC",9850,"Norwich City","#009850",10260,"Manchester United","#9f1300"
3610083,"16",47,"Premier League","Premier League Round 16",47,"2021/2022","Sun, Dec 12, 2021, 14:00 UTC",8191,"Burnley","#811F4C",8654,"West Ham United","#66192C"
3610086,"16",47,"Premier League","Premier League Round 16",47,"2021/2022","Sun, Dec 12, 2021, 14:00 UTC",8197,"Leicester City","#0d47a1",10261,"Newcastle United","#000000"
3610085,"16",47,"Premier League","Premier League Round 16",47,"2021/2022","Sun, Dec 12, 2021, 16:30 UTC",9826,"Crystal Palace","#004A97",8668,"Everton","#00369c"
3610095,"17",47,"Premier League","Premier League Round 17",47,"2021/2022","Tue, Dec 14, 2021, 19:45 UTC",9850,"Norwich City","#009850",10252,"Aston Villa","#400028"
3610099,"17",47,"Premier League","Premier League Round 17",47,"2021/2022","Tue, Dec 14, 2021, 20:00 UTC",8456,"Manchester City","#69A8D8",8463,"Leeds United","#0060A0"
3610092,"17",47,"Premier League","Premier League Round 17",47,"2021/2022","Wed, Dec 15, 2021, 19:30 UTC",10204,"Brighton & Hove Albion","#0850A0",8602,"Wolverhampton Wanderers","#000000"
3610096,"17",47,"Premier League","Premier League Round 17",47,"2021/2022","Wed, Dec 15, 2021, 19:30 UTC",9826,"Crystal Palace","#004A97",8466,"Southampton","#d71920"
3610090,"17",47,"Premier League","Premier League Round 17",47,"2021/2022","Wed, Dec 15, 2021, 20:00 UTC",9825,"Arsenal","#bd0510",8654,"West Ham United","#66192C"
3610097,"17",47,"Premier League","Premier League Round 17",47,"2021/2022","Thu, Dec 16, 2021, 19:45 UTC",8455,"Chelsea","#064b95",8668,"Everton","#00369c"
3610098,"17",47,"Premier League","Premier League Round 17",47,"2021/2022","Thu, Dec 16, 2021, 20:00 UTC",8650,"Liverpool","#d3171e",10261,"Newcastle United","#000000"
3610102,"18",47,"Premier League","Premier League Round 18",47,"2021/2022","Sat, Dec 18, 2021, 17:30 UTC",8463,"Leeds United","#0060A0",9825,"Arsenal","#bd0510"
3610104,"18",47,"Premier League","Premier League Round 18",47,"2021/2022","Sun, Dec 19, 2021, 14:00 UTC",10261,"Newcastle United","#000000",8456,"Manchester City","#69A8D8"
3610109,"18",47,"Premier League","Premier League Round 18",47,"2021/2022","Sun, Dec 19, 2021, 14:00 UTC",8602,"Wolverhampton Wanderers","#000000",8455,"Chelsea","#064b95"
3610106,"18",47,"Premier League","Premier League Round 18",47,"2021/2022","Sun, Dec 19, 2021, 16:30 UTC",8586,"Tottenham Hotspur","#1a237e",8650,"Liverpool","#d3171e"
3610114,"19",47,"Premier League","Premier League Round 19",47,"2021/2022","Sun, Dec 26, 2021, 15:00 UTC",8456,"Manchester City","#69A8D8",8197,"Leicester City","#0d47a1"
3610116,"19",47,"Premier League","Premier League Round 19",47,"2021/2022","Sun, Dec 26, 2021, 15:00 UTC",9850,"Norwich City","#009850",9825,"Arsenal","#bd0510"
3610117,"19",47,"Premier League","Premier League Round 19",47,"2021/2022","Sun, Dec 26, 2021, 15:00 UTC",8586,"Tottenham Hotspur","#1a237e",9826,"Crystal Palace","#004A97"
3610118,"19",47,"Premier League","Premier League Round 19",47,"2021/2022","Sun, Dec 26, 2021, 15:00 UTC",8654,"West Ham United","#66192C",8466,"Southampton","#d71920"
3610110,"19",47,"Premier League","Premier League Round 19",47,"2021/2022","Sun, Dec 26, 2021, 17:30 UTC",10252,"Aston Villa","#400028",8455,"Chelsea","#064b95"
3610111,"19",47,"Premier League","Premier League Round 19",47,"2021/2022","Sun, Dec 26, 2021, 20:00 UTC",10204,"Brighton & Hove Albion","#0850A0",9937,"Brentford","#C00808"
3610115,"19",47,"Premier League","Premier League Round 19",47,"2021/2022","Mon, Dec 27, 2021, 20:00 UTC",10261,"Newcastle United","#000000",10260,"Manchester United","#9f1300"
3610124,"20",47,"Premier League","Premier League Round 20",47,"2021/2022","Tue, Dec 28, 2021, 15:00 UTC",9826,"Crystal Palace","#004A97",9850,"Norwich City","#009850"
3610129,"20",47,"Premier League","Premier League Round 20",47,"2021/2022","Tue, Dec 28, 2021, 15:00 UTC",8466,"Southampton","#d71920",8586,"Tottenham Hotspur","#1a237e"
3610123,"20",47,"Premier League","Premier League Round 20",47,"2021/2022","Tue, Dec 28, 2021, 15:00 UTC",9817,"Watford","#000000",8654,"West Ham United","#66192C"
3610127,"20",47,"Premier League","Premier League Round 20",47,"2021/2022","Tue, Dec 28, 2021, 20:00 UTC",8197,"Leicester City","#0d47a1",8650,"Liverpool","#d3171e"
3610122,"20",47,"Premier League","Premier League Round 20",47,"2021/2022","Wed, Dec 29, 2021, 19:30 UTC",8455,"Chelsea","#064b95",10204,"Brighton & Hove Albion","#0850A0"
3610121,"20",47,"Premier League","Premier League Round 20",47,"2021/2022","Wed, Dec 29, 2021, 20:15 UTC",9937,"Brentford","#C00808",8456,"Manchester City","#69A8D8"
3610128,"20",47,"Premier League","Premier League Round 20",47,"2021/2022","Thu, Dec 30, 2021, 20:15 UTC",10260,"Manchester United","#9f1300",8191,"Burnley","#811F4C"
3610130,"21",47,"Premier League","Premier League Round 21",47,"2021/2022","Sat, Jan 1, 2022, 12:30 UTC",9825,"Arsenal","#bd0510",8456,"Manchester City","#69A8D8"
3610139,"21",47,"Premier League","Premier League Round 21",47,"2021/2022","Sat, Jan 1, 2022, 15:00 UTC",9817,"Watford","#000000",8586,"Tottenham Hotspur","#1a237e"
3610133,"21",47,"Premier League","Premier League Round 21",47,"2021/2022","Sat, Jan 1, 2022, 17:30 UTC",9826,"Crystal Palace","#004A97",8654,"West Ham United","#66192C"
3610131,"21",47,"Premier League","Premier League Round 21",47,"2021/2022","Sun, Jan 2, 2022, 14:00 UTC",9937,"Brentford","#C00808",10252,"Aston Villa","#400028"
3610134,"21",47,"Premier League","Premier League Round 21",47,"2021/2022","Sun, Jan 2, 2022, 14:00 UTC",8668,"Everton","#00369c",10204,"Brighton & Hove Albion","#0850A0"
3610135,"21",47,"Premier League","Premier League Round 21",47,"2021/2022","Sun, Jan 2, 2022, 14:00 UTC",8463,"Leeds United","#0060A0",8191,"Burnley","#811F4C"
3610132,"21",47,"Premier League","Premier League Round 21",47,"2021/2022","Sun, Jan 2, 2022, 16:30 UTC",8455,"Chelsea","#064b95",8650,"Liverpool","#d3171e"
3610137,"21",47,"Premier League","Premier League Round 21",47,"2021/2022","Mon, Jan 3, 2022, 17:30 UTC",10260,"Manchester United","#9f1300",8602,"Wolverhampton Wanderers","#000000"
3610105,"18",47,"Premier League","Premier League Round 18",47,"2021/2022","Tue, Jan 11, 2022, 19:45 UTC",8466,"Southampton","#d71920",9937,"Brentford","#C00808"
3610108,"18",47,"Premier League","Premier League Round 18",47,"2021/2022","Wed, Jan 12, 2022, 19:45 UTC",8654,"West Ham United","#66192C",9850,"Norwich City","#009850"
3610141,"22",47,"Premier League","Premier League Round 22",47,"2021/2022","Fri, Jan 14, 2022, 20:00 UTC",10204,"Brighton & Hove Albion","#0850A0",9826,"Crystal Palace","#004A97"
3610144,"22",47,"Premier League","Premier League Round 22",47,"2021/2022","Sat, Jan 15, 2022, 12:30 UTC",8456,"Manchester City","#69A8D8",8455,"Chelsea","#064b95"
3610145,"22",47,"Premier League","Premier League Round 22",47,"2021/2022","Sat, Jan 15, 2022, 15:00 UTC",10261,"Newcastle United","#000000",9817,"Watford","#000000"
3610146,"22",47,"Premier League","Premier League Round 22",47,"2021/2022","Sat, Jan 15, 2022, 15:00 UTC",9850,"Norwich City","#009850",8668,"Everton","#00369c"
3610149,"22",47,"Premier League","Premier League Round 22",47,"2021/2022","Sat, Jan 15, 2022, 15:00 UTC",8602,"Wolverhampton Wanderers","#000000",8466,"Southampton","#d71920"
3610140,"22",47,"Premier League","Premier League Round 22",47,"2021/2022","Sat, Jan 15, 2022, 17:30 UTC",10252,"Aston Villa","#400028",10260,"Manchester United","#9f1300"
3610143,"22",47,"Premier League","Premier League Round 22",47,"2021/2022","Sun, Jan 16, 2022, 14:00 UTC",8650,"Liverpool","#d3171e",9937,"Brentford","#C00808"
3610148,"22",47,"Premier League","Premier League Round 22",47,"2021/2022","Sun, Jan 16, 2022, 14:00 UTC",8654,"West Ham United","#66192C",8463,"Leeds United","#0060A0"
3610161,"24",47,"Premier League","Premier League Round 24",47,"2021/2022","Tue, Jan 18, 2022, 20:00 UTC",10204,"Brighton & Hove Albion","#0850A0",8455,"Chelsea","#064b95"
3610094,"17",47,"Premier League","Premier League Round 17",47,"2021/2022","Wed, Jan 19, 2022, 19:30 UTC",8197,"Leicester City","#0d47a1",8586,"Tottenham Hotspur","#1a237e"
3610091,"17",47,"Premier League","Premier League Round 17",47,"2021/2022","Wed, Jan 19, 2022, 20:00 UTC",9937,"Brentford","#C00808",10260,"Manchester United","#9f1300"
3610159,"23",47,"Premier League","Premier League Round 23",47,"2021/2022","Fri, Jan 21, 2022, 20:00 UTC",9817,"Watford","#000000",9850,"Norwich City","#009850"
3610154,"23",47,"Premier League","Premier League Round 23",47,"2021/2022","Sat, Jan 22, 2022, 12:30 UTC",8668,"Everton","#00369c",10252,"Aston Villa","#400028"
3610151,"23",47,"Premier League","Premier League Round 23",47,"2021/2022","Sat, Jan 22, 2022, 15:00 UTC",9937,"Brentford","#C00808",8602,"Wolverhampton Wanderers","#000000"
3610155,"23",47,"Premier League","Premier League Round 23",47,"2021/2022","Sat, Jan 22, 2022, 15:00 UTC",8463,"Leeds United","#0060A0",10261,"Newcastle United","#000000"
3610157,"23",47,"Premier League","Premier League Round 23",47,"2021/2022","Sat, Jan 22, 2022, 15:00 UTC",10260,"Manchester United","#9f1300",8654,"West Ham United","#66192C"
3610158,"23",47,"Premier League","Premier League Round 23",47,"2021/2022","Sat, Jan 22, 2022, 17:30 UTC",8466,"Southampton","#d71920",8456,"Manchester City","#69A8D8"
3610150,"23",47,"Premier League","Premier League Round 23",47,"2021/2022","Sun, Jan 23, 2022, 14:00 UTC",9825,"Arsenal","#bd0510",8191,"Burnley","#811F4C"
3610153,"23",47,"Premier League","Premier League Round 23",47,"2021/2022","Sun, Jan 23, 2022, 14:00 UTC",9826,"Crystal Palace","#004A97",8650,"Liverpool","#d3171e"
3610156,"23",47,"Premier League","Premier League Round 23",47,"2021/2022","Sun, Jan 23, 2022, 14:00 UTC",8197,"Leicester City","#0d47a1",10204,"Brighton & Hove Albion","#0850A0"
3610152,"23",47,"Premier League","Premier League Round 23",47,"2021/2022","Sun, Jan 23, 2022, 16:30 UTC",8455,"Chelsea","#064b95",8586,"Tottenham Hotspur","#1a237e"
3610093,"17",47,"Premier League","Premier League Round 17",47,"2021/2022","Sat, Feb 5, 2022, 18:00 UTC",8191,"Burnley","#811F4C",9817,"Watford","#000000"
3610166,"24",47,"Premier League","Premier League Round 24",47,"2021/2022","Tue, Feb 8, 2022, 19:45 UTC",10261,"Newcastle United","#000000",8668,"Everton","#00369c"
3610164,"24",47,"Premier League","Premier League Round 24",47,"2021/2022","Tue, Feb 8, 2022, 19:45 UTC",8654,"West Ham United","#66192C",9817,"Watford","#000000"
3610162,"24",47,"Premier League","Premier League Round 24",47,"2021/2022","Tue, Feb 8, 2022, 20:00 UTC",8191,"Burnley","#811F4C",10260,"Manchester United","#9f1300"
3610169,"24",47,"Premier League","Premier League Round 24",47,"2021/2022","Wed, Feb 9, 2022, 19:45 UTC",8456,"Manchester City","#69A8D8",9937,"Brentford","#C00808"
3610163,"24",47,"Premier League","Premier League Round 24",47,"2021/2022","Wed, Feb 9, 2022, 19:45 UTC",9850,"Norwich City","#009850",9826,"Crystal Palace","#004A97"
3610167,"24",47,"Premier League","Premier League Round 24",47,"2021/2022","Wed, Feb 9, 2022, 19:45 UTC",8586,"Tottenham Hotspur","#1a237e",8466,"Southampton","#d71920"
3610160,"24",47,"Premier League","Premier League Round 24",47,"2021/2022","Wed, Feb 9, 2022, 20:00 UTC",10252,"Aston Villa","#400028",8463,"Leeds United","#0060A0"
3610168,"24",47,"Premier League","Premier League Round 24",47,"2021/2022","Thu, Feb 10, 2022, 19:45 UTC",8650,"Liverpool","#d3171e",8197,"Leicester City","#0d47a1"
3610165,"24",47,"Premier League","Premier League Round 24",47,"2021/2022","Thu, Feb 10, 2022, 19:45 UTC",8602,"Wolverhampton Wanderers","#000000",9825,"Arsenal","#bd0510"
3610175,"25",47,"Premier League","Premier League Round 25",47,"2021/2022","Sat, Feb 12, 2022, 12:30 UTC",10260,"Manchester United","#9f1300",8466,"Southampton","#d71920"
3610170,"25",47,"Premier League","Premier League Round 25",47,"2021/2022","Sat, Feb 12, 2022, 15:00 UTC",9937,"Brentford","#C00808",9826,"Crystal Palace","#004A97"
3610173,"25",47,"Premier League","Premier League Round 25",47,"2021/2022","Sat, Feb 12, 2022, 15:00 UTC",8668,"Everton","#00369c",8463,"Leeds United","#0060A0"
3610179,"25",47,"Premier League","Premier League Round 25",47,"2021/2022","Sat, Feb 12, 2022, 15:00 UTC",9817,"Watford","#000000",10204,"Brighton & Hove Albion","#0850A0"
3610177,"25",47,"Premier League","Premier League Round 25",47,"2021/2022","Sat, Feb 12, 2022, 17:30 UTC",9850,"Norwich City","#009850",8456,"Manchester City","#69A8D8"
3610171,"25",47,"Premier League","Premier League Round 25",47,"2021/2022","Sun, Feb 13, 2022, 14:00 UTC",8191,"Burnley","#811F4C",8650,"Liverpool","#d3171e"
3610176,"25",47,"Premier League","Premier League Round 25",47,"2021/2022","Sun, Feb 13, 2022, 14:00 UTC",10261,"Newcastle United","#000000",10252,"Aston Villa","#400028"
3610178,"25",47,"Premier League","Premier League Round 25",47,"2021/2022","Sun, Feb 13, 2022, 14:00 UTC",8586,"Tottenham Hotspur","#1a237e",8602,"Wolverhampton Wanderers","#000000"
3610174,"25",47,"Premier League","Premier League Round 25",47,"2021/2022","Sun, Feb 13, 2022, 16:30 UTC",8197,"Leicester City","#0d47a1",8654,"West Ham United","#66192C"
3610103,"18",47,"Premier League","Premier League Round 18",47,"2021/2022","Tue, Feb 15, 2022, 20:15 UTC",10260,"Manchester United","#9f1300",10204,"Brighton & Hove Albion","#0850A0"
3610188,"26",47,"Premier League","Premier League Round 26",47,"2021/2022","Sat, Feb 19, 2022, 12:30 UTC",8654,"West Ham United","#66192C",10261,"Newcastle United","#000000"
3610180,"26",47,"Premier League","Premier League Round 26",47,"2021/2022","Sat, Feb 19, 2022, 15:00 UTC",9825,"Arsenal","#bd0510",9937,"Brentford","#C00808"
3610181,"26",47,"Premier League","Premier League Round 26",47,"2021/2022","Sat, Feb 19, 2022, 15:00 UTC",10252,"Aston Villa","#400028",9817,"Watford","#000000"
3610182,"26",47,"Premier League","Premier League Round 26",47,"2021/2022","Sat, Feb 19, 2022, 15:00 UTC",10204,"Brighton & Hove Albion","#0850A0",8191,"Burnley","#811F4C"
3610183,"26",47,"Premier League","Premier League Round 26",47,"2021/2022","Sat, Feb 19, 2022, 15:00 UTC",9826,"Crystal Palace","#004A97",8455,"Chelsea","#064b95"
3610185,"26",47,"Premier League","Premier League Round 26",47,"2021/2022","Sat, Feb 19, 2022, 15:00 UTC",8650,"Liverpool","#d3171e",9850,"Norwich City","#009850"
3610187,"26",47,"Premier League","Premier League Round 26",47,"2021/2022","Sat, Feb 19, 2022, 15:00 UTC",8466,"Southampton","#d71920",8668,"Everton","#00369c"
3610186,"26",47,"Premier League","Premier League Round 26",47,"2021/2022","Sat, Feb 19, 2022, 17:30 UTC",8456,"Manchester City","#69A8D8",8586,"Tottenham Hotspur","#1a237e"
3610184,"26",47,"Premier League","Premier League Round 26",47,"2021/2022","Sun, Feb 20, 2022, 14:00 UTC",8463,"Leeds United","#0060A0",10260,"Manchester United","#9f1300"
3610189,"26",47,"Premier League","Premier League Round 26",47,"2021/2022","Sun, Feb 20, 2022, 16:30 UTC",8602,"Wolverhampton Wanderers","#000000",8197,"Leicester City","#0d47a1"
3610052,"13",47,"Premier League","Premier League Round 13",47,"2021/2022","Wed, Feb 23, 2022, 19:30 UTC",8191,"Burnley","#811F4C",8586,"Tottenham Hotspur","#1a237e"
3610107,"18",47,"Premier League","Premier League Round 18",47,"2021/2022","Wed, Feb 23, 2022, 19:30 UTC",9817,"Watford","#000000",9826,"Crystal Palace","#004A97"
3610113,"19",47,"Premier League","Premier League Round 19",47,"2021/2022","Wed, Feb 23, 2022, 19:45 UTC",8650,"Liverpool","#d3171e",8463,"Leeds United","#0060A0"
3610120,"20",47,"Premier League","Premier League Round 20",47,"2021/2022","Thu, Feb 24, 2022, 19:45 UTC",9825,"Arsenal","#bd0510",8602,"Wolverhampton Wanderers","#000000"
3610198,"27",47,"Premier League","Premier League Round 27",47,"2021/2022","Fri, Feb 25, 2022, 20:00 UTC",8466,"Southampton","#d71920",9850,"Norwich City","#009850"
3610196,"27",47,"Premier League","Premier League Round 27",47,"2021/2022","Sat, Feb 26, 2022, 12:30 UTC",8463,"Leeds United","#0060A0",8586,"Tottenham Hotspur","#1a237e"
3610191,"27",47,"Premier League","Premier League Round 27",47,"2021/2022","Sat, Feb 26, 2022, 15:00 UTC",9937,"Brentford","#C00808",10261,"Newcastle United","#000000"
3610194,"27",47,"Premier League","Premier League Round 27",47,"2021/2022","Sat, Feb 26, 2022, 15:00 UTC",9826,"Crystal Palace","#004A97",8191,"Burnley","#811F4C"
3610197,"27",47,"Premier League","Premier League Round 27",47,"2021/2022","Sat, Feb 26, 2022, 15:00 UTC",10260,"Manchester United","#9f1300",9817,"Watford","#000000"
3610192,"27",47,"Premier League","Premier League Round 27",47,"2021/2022","Sat, Feb 26, 2022, 15:30 UTC",10204,"Brighton & Hove Albion","#0850A0",10252,"Aston Villa","#400028"
3610195,"27",47,"Premier League","Premier League Round 27",47,"2021/2022","Sat, Feb 26, 2022, 17:30 UTC",8668,"Everton","#00369c",8456,"Manchester City","#69A8D8"
3610199,"27",47,"Premier League","Premier League Round 27",47,"2021/2022","Sun, Feb 27, 2022, 14:00 UTC",8654,"West Ham United","#66192C",8602,"Wolverhampton Wanderers","#000000"
3610142,"22",47,"Premier League","Premier League Round 22",47,"2021/2022","Tue, Mar 1, 2022, 19:45 UTC",8191,"Burnley","#811F4C",8197,"Leicester City","#0d47a1"
3610202,"28",47,"Premier League","Premier League Round 28",47,"2021/2022","Sat, Mar 5, 2022, 12:30 UTC",8197,"Leicester City","#0d47a1",8463,"Leeds United","#0060A0"
3610200,"28",47,"Premier League","Premier League Round 28",47,"2021/2022","Sat, Mar 5, 2022, 15:00 UTC",10252,"Aston Villa","#400028",8466,"Southampton","#d71920"
3610201,"28",47,"Premier League","Premier League Round 28",47,"2021/2022","Sat, Mar 5, 2022, 15:00 UTC",8191,"Burnley","#811F4C",8455,"Chelsea","#064b95"
3610205,"28",47,"Premier League","Premier League Round 28",47,"2021/2022","Sat, Mar 5, 2022, 15:00 UTC",10261,"Newcastle United","#000000",10204,"Brighton & Hove Albion","#0850A0"
3610206,"28",47,"Premier League","Premier League Round 28",47,"2021/2022","Sat, Mar 5, 2022, 15:00 UTC",9850,"Norwich City","#009850",9937,"Brentford","#C00808"
3610209,"28",47,"Premier League","Premier League Round 28",47,"2021/2022","Sat, Mar 5, 2022, 15:00 UTC",8602,"Wolverhampton Wanderers","#000000",9826,"Crystal Palace","#004A97"
3610203,"28",47,"Premier League","Premier League Round 28",47,"2021/2022","Sat, Mar 5, 2022, 17:30 UTC",8650,"Liverpool","#d3171e",8654,"West Ham United","#66192C"
3610208,"28",47,"Premier League","Premier League Round 28",47,"2021/2022","Sun, Mar 6, 2022, 14:00 UTC",9817,"Watford","#000000",9825,"Arsenal","#bd0510"
3610204,"28",47,"Premier League","Premier League Round 28",47,"2021/2022","Sun, Mar 6, 2022, 16:30 UTC",8456,"Manchester City","#69A8D8",10260,"Manchester United","#9f1300"
3610207,"28",47,"Premier League","Premier League Round 28",47,"2021/2022","Mon, Mar 7, 2022, 20:00 UTC",8586,"Tottenham Hotspur","#1a237e",8668,"Everton","#00369c"
3610119,"19",47,"Premier League","Premier League Round 19",47,"2021/2022","Thu, Mar 10, 2022, 19:30 UTC",8602,"Wolverhampton Wanderers","#000000",9817,"Watford","#000000"
3610138,"21",47,"Premier League","Premier League Round 21",47,"2021/2022","Thu, Mar 10, 2022, 19:30 UTC",8466,"Southampton","#d71920",10261,"Newcastle United","#000000"
3610226,"30",47,"Premier League","Premier League Round 30",47,"2021/2022","Thu, Mar 10, 2022, 19:30 UTC",9850,"Norwich City","#009850",8455,"Chelsea","#064b95"
3610126,"20",47,"Premier League","Premier League Round 20",47,"2021/2022","Thu, Mar 10, 2022, 19:45 UTC",8463,"Leeds United","#0060A0",10252,"Aston Villa","#400028"
3610212,"29",47,"Premier League","Premier League Round 29",47,"2021/2022","Sat, Mar 12, 2022, 12:30 UTC",10204,"Brighton & Hove Albion","#0850A0",8650,"Liverpool","#d3171e"
3610211,"29",47,"Premier League","Premier League Round 29",47,"2021/2022","Sat, Mar 12, 2022, 15:00 UTC",9937,"Brentford","#C00808",8191,"Burnley","#811F4C"
3610217,"29",47,"Premier League","Premier League Round 29",47,"2021/2022","Sat, Mar 12, 2022, 17:30 UTC",10260,"Manchester United","#9f1300",8586,"Tottenham Hotspur","#1a237e"
3610213,"29",47,"Premier League","Premier League Round 29",47,"2021/2022","Sun, Mar 13, 2022, 14:00 UTC",8455,"Chelsea","#064b95",10261,"Newcastle United","#000000"
3610215,"29",47,"Premier League","Premier League Round 29",47,"2021/2022","Sun, Mar 13, 2022, 14:00 UTC",8668,"Everton","#00369c",8602,"Wolverhampton Wanderers","#000000"
3610216,"29",47,"Premier League","Premier League Round 29",47,"2021/2022","Sun, Mar 13, 2022, 14:00 UTC",8463,"Leeds United","#0060A0",9850,"Norwich City","#009850"
3610218,"29",47,"Premier League","Premier League Round 29",47,"2021/2022","Sun, Mar 13, 2022, 14:00 UTC",8466,"Southampton","#d71920",9817,"Watford","#000000"
3610219,"29",47,"Premier League","Premier League Round 29",47,"2021/2022","Sun, Mar 13, 2022, 14:00 UTC",8654,"West Ham United","#66192C",10252,"Aston Villa","#400028"
3610210,"29",47,"Premier League","Premier League Round 29",47,"2021/2022","Sun, Mar 13, 2022, 16:30 UTC",9825,"Arsenal","#bd0510",8197,"Leicester City","#0d47a1"
3610214,"29",47,"Premier League","Premier League Round 29",47,"2021/2022","Mon, Mar 14, 2022, 20:00 UTC",9826,"Crystal Palace","#004A97",8456,"Manchester City","#69A8D8"
3610082,"16",47,"Premier League","Premier League Round 16",47,"2021/2022","Wed, Mar 16, 2022, 19:30 UTC",10204,"Brighton & Hove Albion","#0850A0",8586,"Tottenham Hotspur","#1a237e"
3610190,"27",47,"Premier League","Premier League Round 27",47,"2021/2022","Wed, Mar 16, 2022, 20:15 UTC",9825,"Arsenal","#bd0510",8650,"Liverpool","#d3171e"
3610125,"20",47,"Premier League","Premier League Round 20",47,"2021/2022","Thu, Mar 17, 2022, 19:45 UTC",8668,"Everton","#00369c",10261,"Newcastle United","#000000"
3610229,"30",47,"Premier League","Premier League Round 30",47,"2021/2022","Fri, Mar 18, 2022, 20:00 UTC",8602,"Wolverhampton Wanderers","#000000",8463,"Leeds United","#0060A0"
3610220,"30",47,"Premier League","Premier League Round 30",47,"2021/2022","Sat, Mar 19, 2022, 12:30 UTC",10252,"Aston Villa","#400028",9825,"Arsenal","#bd0510"
3610222,"30",47,"Premier League","Premier League Round 30",47,"2021/2022","Sun, Mar 20, 2022, 14:00 UTC",8197,"Leicester City","#0d47a1",9937,"Brentford","#C00808"
3610227,"30",47,"Premier League","Premier League Round 30",47,"2021/2022","Sun, Mar 20, 2022, 16:30 UTC",8586,"Tottenham Hotspur","#1a237e",8654,"West Ham United","#66192C"
3610234,"31",47,"Premier League","Premier League Round 31",47,"2021/2022","Sat, Apr 2, 2022, 11:30 UTC",8650,"Liverpool","#d3171e",9817,"Watford","#000000"
3610239,"31",47,"Premier League","Premier League Round 31",47,"2021/2022","Sat, Apr 2, 2022, 14:00 UTC",10204,"Brighton & Hove Albion","#0850A0",9850,"Norwich City","#009850"
3610238,"31",47,"Premier League","Premier League Round 31",47,"2021/2022","Sat, Apr 2, 2022, 14:00 UTC",8191,"Burnley","#811F4C",8456,"Manchester City","#69A8D8"
3610237,"31",47,"Premier League","Premier League Round 31",47,"2021/2022","Sat, Apr 2, 2022, 14:00 UTC",8455,"Chelsea","#064b95",9937,"Brentford","#C00808"
3610235,"31",47,"Premier League","Premier League Round 31",47,"2021/2022","Sat, Apr 2, 2022, 14:00 UTC",8463,"Leeds United","#0060A0",8466,"Southampton","#d71920"
3610230,"31",47,"Premier League","Premier League Round 31",47,"2021/2022","Sat, Apr 2, 2022, 14:00 UTC",8602,"Wolverhampton Wanderers","#000000",10252,"Aston Villa","#400028"
3610233,"31",47,"Premier League","Premier League Round 31",47,"2021/2022","Sat, Apr 2, 2022, 16:30 UTC",10260,"Manchester United","#9f1300",8197,"Leicester City","#0d47a1"
3610231,"31",47,"Premier League","Premier League Round 31",47,"2021/2022","Sun, Apr 3, 2022, 13:00 UTC",8654,"West Ham United","#66192C",8668,"Everton","#00369c"
3610232,"31",47,"Premier League","Premier League Round 31",47,"2021/2022","Sun, Apr 3, 2022, 15:30 UTC",8586,"Tottenham Hotspur","#1a237e",10261,"Newcastle United","#000000"
3610236,"31",47,"Premier League","Premier League Round 31",47,"2021/2022","Mon, Apr 4, 2022, 19:00 UTC",9826,"Crystal Palace","#004A97",9825,"Arsenal","#bd0510"
3610112,"19",47,"Premier League","Premier League Round 19",47,"2021/2022","Wed, Apr 6, 2022, 18:30 UTC",8191,"Burnley","#811F4C",8668,"Everton","#00369c"
3610243,"32",47,"Premier League","Premier League Round 32",47,"2021/2022","Fri, Apr 8, 2022, 19:00 UTC",10261,"Newcastle United","#000000",8602,"Wolverhampton Wanderers","#000000"
3610246,"32",47,"Premier League","Premier League Round 32",47,"2021/2022","Sat, Apr 9, 2022, 11:30 UTC",8668,"Everton","#00369c",10260,"Manchester United","#9f1300"
3610249,"32",47,"Premier League","Premier League Round 32",47,"2021/2022","Sat, Apr 9, 2022, 14:00 UTC",9825,"Arsenal","#bd0510",10204,"Brighton & Hove Albion","#0850A0"
3610241,"32",47,"Premier League","Premier League Round 32",47,"2021/2022","Sat, Apr 9, 2022, 14:00 UTC",8466,"Southampton","#d71920",8455,"Chelsea","#064b95"
3610240,"32",47,"Premier League","Premier League Round 32",47,"2021/2022","Sat, Apr 9, 2022, 14:00 UTC",9817,"Watford","#000000",8463,"Leeds United","#0060A0"
3610248,"32",47,"Premier League","Premier League Round 32",47,"2021/2022","Sat, Apr 9, 2022, 16:30 UTC",10252,"Aston Villa","#400028",8586,"Tottenham Hotspur","#1a237e"
3610247,"32",47,"Premier League","Premier League Round 32",47,"2021/2022","Sun, Apr 10, 2022, 13:00 UTC",9937,"Brentford","#C00808",8654,"West Ham United","#66192C"
3610245,"32",47,"Premier League","Premier League Round 32",47,"2021/2022","Sun, Apr 10, 2022, 13:00 UTC",8197,"Leicester City","#0d47a1",9826,"Crystal Palace","#004A97"
3610242,"32",47,"Premier League","Premier League Round 32",47,"2021/2022","Sun, Apr 10, 2022, 13:00 UTC",9850,"Norwich City","#009850",8191,"Burnley","#811F4C"
3610244,"32",47,"Premier League","Premier League Round 32",47,"2021/2022","Sun, Apr 10, 2022, 15:30 UTC",8456,"Manchester City","#69A8D8",8650,"Liverpool","#d3171e"
3610253,"33",47,"Premier League","Premier League Round 33",47,"2021/2022","Sat, Apr 16, 2022, 11:30 UTC",8586,"Tottenham Hotspur","#1a237e",10204,"Brighton & Hove Albion","#0850A0"
3610256,"33",47,"Premier League","Premier League Round 33",47,"2021/2022","Sat, Apr 16, 2022, 14:00 UTC",10260,"Manchester United","#9f1300",9850,"Norwich City","#009850"
3610254,"33",47,"Premier League","Premier League Round 33",47,"2021/2022","Sat, Apr 16, 2022, 14:00 UTC",8466,"Southampton","#d71920",9825,"Arsenal","#bd0510"
3610252,"33",47,"Premier League","Premier League Round 33",47,"2021/2022","Sat, Apr 16, 2022, 14:00 UTC",9817,"Watford","#000000",9937,"Brentford","#C00808"
3610255,"33",47,"Premier League","Premier League Round 33",47,"2021/2022","Sun, Apr 17, 2022, 13:15 UTC",10261,"Newcastle United","#000000",8197,"Leicester City","#0d47a1"
3610251,"33",47,"Premier League","Premier League Round 33",47,"2021/2022","Sun, Apr 17, 2022, 13:15 UTC",8654,"West Ham United","#66192C",8191,"Burnley","#811F4C"
3610223,"30",47,"Premier League","Premier League Round 30",47,"2021/2022","Tue, Apr 19, 2022, 19:00 UTC",8650,"Liverpool","#d3171e",10260,"Manchester United","#9f1300"
3610101,"18",47,"Premier League","Premier League Round 18",47,"2021/2022","Wed, Apr 20, 2022, 18:45 UTC",8668,"Everton","#00369c",8197,"Leicester City","#0d47a1"
3610172,"25",47,"Premier League","Premier League Round 25",47,"2021/2022","Wed, Apr 20, 2022, 18:45 UTC",8455,"Chelsea","#064b95",9825,"Arsenal","#bd0510"
3610225,"30",47,"Premier League","Premier League Round 30",47,"2021/2022","Wed, Apr 20, 2022, 18:45 UTC",10261,"Newcastle United","#000000",9826,"Crystal Palace","#004A97"
3610224,"30",47,"Premier League","Premier League Round 30",47,"2021/2022","Wed, Apr 20, 2022, 19:00 UTC",8456,"Manchester City","#69A8D8",10204,"Brighton & Hove Albion","#0850A0"
3610221,"30",47,"Premier League","Premier League Round 30",47,"2021/2022","Thu, Apr 21, 2022, 18:45 UTC",8191,"Burnley","#811F4C",8466,"Southampton","#d71920"
